{
  "features": [
    "soxx",
    "vix_chg",
    "vix_level",
    "spy",
    "qqq",
    "stoxx50"
  ],
  "scaler_mean": [
    0.13792405345211584,
    0.4120783964365256,
    17.55240534521158,
    0.08020022271714923,
    0.08798285077951003,
    0.050203103603650955
  ],
  "scaler_scale": [
    2.3814037676990405,
    9.497706216353576,
    4.761309266287631,
    1.0566194856000035,
    1.3458843004492926,
    0.9807793396150992
  ],
  "coef": [
    0.6557108733837425,
    -0.07279391769001292,
    0.12402505666903936,
    0.8549218944581893,
    -0.4829422199028458,
    -0.04804925081153304
  ],
  "intercept": 0.37857010744924346,
  "train_period": "0~448",
  "train_samples": 449,
  "train_date": "2026-02-21",
  "accuracy": 65.5,
  "up_accuracy": 81.2,
  "down_accuracy": 43.6,
  "brier_score": 0.2109,
  "oos_brier": 0.1996,
  "model_version": "v2_stoxx50",
  "changes": "EWY제거, STOXX50추가 (유럽 시장 반영)"
}